{"hashes":{"00af3f07b5abb71f6d30337e1eef62fa280f06ef19485c0cf6b72171f92ccc0a":{"appid":"kpfehajjjbbcifeehjgfgnabifknmdad","fp":""},"452064dcff76e03e0e81b4bb3c48ab1c432e040094f7546c7261a90d4a1c1bbf":{"appid":"fgbafbciocncjfbbonhocjaohoknlaco","fp":""},"4b81b4df3ad971287e1ae02c449344fcfa5d20431de17b2ba8854cc9cdce4089":{"appid":"ahmaebgpfccdhgidjaidaoojjcijckba","fp":""},"89f43cb3df807293de2772d5f01ac2fc1482b38ccc8fdaee859b80642b7a0487":{"appid":"pghocgajpebopihickglahgebcmkcekh","fp":""},"95fd9d48e4fc245a3f3a99a3a16ecd1355050ba3f4afc555f19a97c7f9b49677":{"appid":"ohckeflnhegojcjlcpbfpciadgikcohk","fp":""},"a81d1959892ae4180554347df1b97834abba2e1a5e6b9aeba000ecea26eabecc":{"appid":"fppmbhmldokgmleojlplaaodlkibgikh","fp":""},"a99d66cfce8ca170740ce0403956f4dfaf4683829a89f4b7ad9c95303871e284":{"appid":"eeobbhfgfagbclfofmgbdfoicabjdbkn","fp":""},"b987bdc4f2ad2a409b964921d4a5db1cdbe07f9c98f868293b4cc32acdc42cec":{"appid":"alpjnmnfbgfkmmpcfpejmmoebdndedno","fp":""},"bcb93cba8636743d1fbd32be3bd8ce8ff602323895bf4d136c26b9bc64b0a6a4":{"appid":"ndikpojcjlepofdkaaldkinkjbeeebkl","fp":""},"fa29a6d5775ff340900a65b39b02fc8b4b77d403c048d8debf22f2f5d09c61a0":{"appid":"oankkpibpaokgecfckkdkgaoafllipag","fp":""},"ff87fddb54d7bdc8ab8c2697bc92337c914803fb22cd32e445389e8042159ce9":{"appid":"jbfaflocpnkhbgcijpkiafdpbjkedane","fp":""}}}